{
  "SI-SDR": 9.60804766102841,
  "PESQ": 1.6560306486330534
}